INSERT INTO `akmall_advert` (`id`, `pid`, `name`, `banner`, `image`, `link`, `status`, `target`, `description`, `sort_order`, `create_time`, `type`) VALUES
(1, 0, 'AKMALL恭祝新年快乐', '/201812/5c040fb2ce69f.jpg', '/201812/5c040fb2ce69f.jpg', 'http://', 1, '_blank', '新年快乐，吉祥顺利', 0, 1543741017, '幻灯片'),
(2, 0, 'AKMALL外贸单页商城系统', '/201812/5c040fc670bc6.jpg', '/201812/5c040fc670bc6.jpg', 'http://', 1, '_blank', '', 10, 1543741473, '幻灯片'),
(3, 0, '圣诞快乐', '/201812/5c04100d209c5.jpg', '/201812/5c04100d209c5.jpg', 'http://', 1, '_blank', '', 5, 1543770110, '幻灯片');
INSERT INTO `akmall_article` (`id`, `category_id`, `name`, `brief`, `tags`, `image`, `status`, `sort_order`, `content`, `is_delete`, `is_frozen`, `update_time`, `add_time`) VALUES
(1, 6, ' 關於我們-AKMALL訂單系統', '', '', '', 1, 0, '<p><span style="font-size: 18px;">1、自适应电脑和手机界面，界面精美，模板可自定义。</span></p><p><span style="font-size: 18px;">2、独立后台方便管理，产品可在后台上传修改，订单可导出Excel表。</span></p><p><span style="font-size: 18px;">3、集成Facebook Pixel（像素）追踪功能，完美适用在FB投放COD。</span></p><p><span style="font-size: 18px;">4、精美的模板，非市面上粗俗烂作的模板与之可比；模板可随意切换且能自定义样式，让您的页面总是与众不同。</span></p><p><span style="font-size: 18px;">5、防刷单防丢单，邮件即时通知。</span></p><p><span style="font-size: 18px;">6、可计算运费，设置推广渠道，物流查询等等……</span></p><p><span style="font-size: 18px;">7、可扩展性强，支持嵌入第三方数据统计代码和第三方客服系统等；</span></p><p><span style="font-size: 18px;">8.更多详细说明请阅读使用文档</span><a href="http://doc.akmall.cc" target="_blank" style="color: rgb(0, 176, 80); text-decoration: underline;"><span style="font-size: 18px;">http://doc.akmall.cc</span></a></p><p><br/></p>', 0, 0, 1543832667, 1543831330),
(3, 6, '物流條款', '', '', '', 1, 0, '<p><strong>1、配送範圍與運費&nbsp;</strong></p><p>配送範圍全台灣、免運費&nbsp;<br/></p><p><strong>2、配送時間&nbsp;</strong></p><p>下單成功之後，我們會按照下單先後順序進行配貨，配貨週期為3個工作日左右；不限定時間送貨和指定時段送貨、星期六週日及國定假日可以提供收送服務&nbsp;</p><p><strong>3、到貨時間&nbsp;</strong></p><p>訂單完成後到達時間為7個工作日左右&nbsp;</p><p><strong>4、簽收須知&nbsp;</strong></p><p>&nbsp; 下單時，請盡量留下本人能夠簽收的地址與聯絡電話。&nbsp;</p><p>收到商品時請當場驗貨，檢查外包裝是否完好，商品種類數量是否與訂單明細相符，購物清單是否齊全，不提供簽收前拆開手機包裝驗貨。如果外箱封條出現破損或者撕開，您有權選擇拒收。</p><p>但對於封條完好，開箱後缺料等異常情況，請您聯繫我們24小時在線客服，並保持包裹原樣。</p><p>在本人不能親自簽收的情況下，請委託他人簽收並嚴格按照第二項內容操作。配送快遞員只負責派送貨物給快遞單指定位址，該位址任何人都可以簽收例如櫃台，不保證派送給指定的人。</p><p>出於風險考慮，您的訂單在確認購買後無法修改地址和電話，還請在下單時務必填入正確的地址和電話。爲您帶來的麻煩我們表示抱歉。</p><p>即日起，因資訊不足無法配送的滯留訂單將會被配送方保留5日。我們將會以電子郵件的形式通知用戶，請回覆信箱中的郵件或聯繫客服人員。逾期5日未能得到回覆的訂單我們將安排返回倉庫及退款。由此給您帶來的不便，敬請諒解。</p><p><strong>5、退貨退款&nbsp;</strong></p><p>1、如果您所訂購的商品有瑕疵，您可以要求全額退費</p><p>2、關於退貨退款方式及條件，依各該商品銷售網頁及訂購流程中之相關網頁之記載&nbsp;</p><p>3、您所退回的商品，必須保持所有商品、贈品、附件、包裝、及所有附隨文件或資料在出貨當時狀態的完整性，如果有實體發票，並應連同發票一併退回及簽署折讓單等相關法令所要求之單據；否則，我們得拒絕接受您的退貨退款要求。&nbsp;</p><p>4、您瞭解並同意，若因您要求退貨或換貨、或因我們無法接受您全部或部分之訂單、或契約因故解除或失其效力，而需為您辦理退款事宜時，我們得代您處理發票或折讓單等相關法令所要求之單據&nbsp;</p><p><strong>6、配送常見問題&nbsp;</strong></p><p>Q1：下單時可以指定送貨時間嗎？&nbsp;</p><p>A1：依照訂單運輸信息中的「運輸公司」對應不同送貨時間。可以選擇，指定時段送貨（時段為：13時前和14時~18時）送貨，不含週日。</p><p>Q2: 如何投訴快遞人員？</p><p>A2: 依照訂單運輸信息中的「運輸公司」對應不同快遞公司，客戶可以聯絡當地的服務熱線</p><p>&nbsp; Q3：配送需要多長時間？&nbsp;</p><p>A3：正常情況下，自訂單出庫日起，7個工作日左右即可送達（不含週日）。</p><p>&nbsp; Q4：簽收驗貨需注意什麼？&nbsp;</p><p>A4：請確保外包裝完好，收件人可以拒絕收取外包裝破損的貨物。&nbsp;</p><p>&nbsp; Q5：收貨時是否需要提供證件？&nbsp;</p><p>A5： 不需要。快遞員只負責派送貨物給快遞單指定位址，該位址任何人都可以簽收例如櫃台。不保證派送給指定的人。&nbsp;</p><p>&nbsp; Q6：被他人簽收了，怎麼辦？&nbsp;</p><p>A6：如出現此種情況，請依照訂單運輸信息中的「運輸公司」聯絡對應的快遞公司。 請聯絡當地的服務熱線。&nbsp;</p><p>&nbsp; Q7：如何查詢合作廠商配送的狀態？&nbsp;</p><p>A7：請依照訂單運輸信息中的「運輸公司」查詢對應的快遞公司可以查詢貨物狀態。&nbsp;</p><p>&nbsp; 我們客服將七天24小時在線為您回復郵件</p><p><br/></p>', 0, 0, 1543832670, 1543832133),
(4, 6, '服務條款', '', '', '', 1, 0, '<p>感謝您瀏覽。您可以根據以下服務條款及任何其他本網站所提及的條例存取或使用本網站或相關服務。使用服務, 例如於本網站訂購商品, 即表示您同意所有服務條款。 本協議並不承認您與我們的任何關係 (合夥、合作、僱用或其他形式) 。本協議並不賦予您成為我們的代表。我們保留在任何時間更改本網站、相關政策及協議、隱私聲明以及本服務條款的權利。您應該定時瀏覽本網站, 查看上述的政策及協議、隱私聲明以及本服務條款的更新或更改。</p><p><strong>知識產權</strong></p><p>我們的所有軟件和內容 (其定義為, 或包括任何文字、音訊或音樂、影片、圖像、相片和圖片) 是我們的知識產權作品, 並受知識產權、版權法和國際公約條款的保護。本網站只供作個人及非商業用途。只有得到我們及/或其第三方授權人明確授權, 方可使用內容作任何非個人及/ 或非商業用途。在未獲我們同意或授權前, 不可發佈、複製、售賣或特許任何本網站的內容。任何未經授權的行為可能會導致民事後果或刑事處罰。</p><p>我們保留在沒有通知的情況下撤消或修改任何服務的權利。若本網站因任何理由在任何時間或任何期間無法使用, 我們概不負責。</p><p><strong>產品描述</strong></p><p>我們將盡力確保本網站的內容和產品描述為準確和完整。不過, 我們不保證內容和產品描述均為準確、完整、最新和無誤。如果您覺得我們提供的產品與描述不符, 請參閱我們的退貨及退款程序。</p><p><strong>價格</strong></p><p>本網站所標示的價格為新臺幣。除非出現明顯錯誤, 否則您的訂單獲接納時即代表您同意支付本網站所顯示的價格。我們盡力確保本網站所顯示的所有價格準確, 但不能保證所有價格無誤, 並保留更正任何錯誤的權利。如果我們發現您已訂購的任何產品價格有誤, 我們會盡快通知您,屆時您可選擇重新確認或取消訂單。如果未能聯絡閣下, 我們將把訂單作取消訂單般處理。</p><p><strong>接受訂單</strong></p><p>當您輸入個人資料、付款資料並提交訂單, 我們將向您發出電郵以確認收到訂單。該電郵僅確認收到訂單, 並不代表接受訂單。我們向您發出電郵確認貨品已經寄出時, 即表示您的訂單已獲接受, 而您與我們的合約亦已完成。只有在寄出商品時發出的確認電郵中列出的商品包括於合約中。</p><p><strong>我們保留權利因任何原因自行決定不接受訂貨。原因包括但不限於以下其一：</strong></p><p><em><span style="text-decoration: none;">a) 你所訂購的商品缺貨, 或因為未能達到我們的品質標準或因為其中一項或全部訂購商品適用於送貨限制而被撤回。</span></em></p><p><em><span style="text-decoration: none;">b) 我們發現價格或產品描述有誤</span></em></p><p><em><span style="text-decoration: none;">c) 我們未能獲得付款授權</span></em></p><p><em><span style="text-decoration: none;">d) 您不符合服務條款載列的購買資格</span></em></p><p>如果您的訂單有任何問題, 我們的客戶服務團隊會盡快聯絡您。</p><p><strong>送貨和取貨</strong></p><p>當您在網站下訂單時, 您會收到一個預期送貨時間的提示。我們團隊會盡力於預計時間內完成送貨, 但不能保證一定能於預計時間內把貨品送到您手上。</p><p>我們為每個訂單於運送過程中投保, 直至商品送到或被提取。提取商品時, 您需要簽署收取商品確認。簽署後, 您開始為商品承擔責任。如果取貨人不是原來購買者, 或者交付的是禮物, 即表示您接受上述人士的簽署確認為送貨證據並表示我們已完成您的訂單, 同時接受相關的責任轉移。我們保留在沒有事先通知下自行決定更新送貨政策的權利。</p><p><strong>退貨</strong></p><p>我們希望為您提供最佳的網上購物體驗, 因此設有免費、不問原因的退貨政策。如果因為任何原因未能對商品百分百滿意, 您可以退還商品並獲得全額退款。</p><p>a) 客戶可以在訂購後7天內退還商品。</p><p>b) 退還的商品必須維持原狀: 即未經穿著/使用, 放於沒受損壞原裝品牌包裝盒及包裝袋, 而且所有價錢牌均完好無缺。</p><p>如果希望退還商品, 請填妥送貨時收到的退貨表格, 連同附有原本包裝的商品寄回我們的地址。如果您沒有保留購買表格, 請致電我們的客戶服務團隊, 我們會以電郵方式補發給您。</p><p>請注意, 退貨時不設退還運費。</p><p><strong>您的權利</strong></p><p>本服務條款無意影響您根據臺灣法律所享有的權利。</p><p><strong>責任</strong></p><p>商品售賣於本網站的設計師、公司或第三方及其關聯人士向任何媒體所表達的觀點純屬其個人意見。我們對任何此等觀點概不負責, 而此等觀點不一定反映本公司的觀點。</p><p>我們不保證使用本網站和服務均為無誤, 也不保證本網站或支援本網站的伺服器沒有病毒或其他有害成分。我們建議所有本網站的用戶確保自己已安裝最新軟件, 包括防毒軟件。</p><p>某些事情可能在本公司的合理監管之外發生, 例如惡劣天氣。在此等情況下, 我們會盡力維持服務, 但對於任何未能滿足本服務條款的責任概不負責。</p><p><br/></p>', 0, 0, 0, 1543832430),
(5, 6, '隱私協議', '', '', '', 1, 0, '<p><strong>隱私聲明&nbsp;</strong></p><p>我們十分重視客戶的隱私。因此, 我們只會根據本隱私聲明擬 定之方式收集及使用您的個人資料。</p><p>1) 在有必要或與交易有關時向您收集資料。</p><p>2) 在法例要求或與收集用途有關時才會保留您的資料。</p><p>您可以在不提供個人資料的情況下瀏覽我們網站。在沒有登入用戶帳號瀏覽我們的網站時, 您將會以匿名身份瀏覽, 而我們無法辦出您的身份。</p><p>我們十分樂意聆聽您的意見。若您有任何意見或建議, 請將有關資料電郵至在線客服</p><p><strong>個人資料收集</strong></p><p>我們不會向第三方出售、分享或買賣網上收集的客戶個人資料。網上收集的個人資料僅於本公司集團內披露以供內部使用。下单時, 我們將向您收集的基本個人資料包含:</p><p>1) 姓名</p><p>2) 送貨地址</p><p>3) 電郵地址</p><p>4) 聯絡電話號碼</p><p>5) 出生日期</p><p>6) 性別</p><p><strong>我們所向您收集的個人資料將會作為以下用途:</strong></p><p>1) 運送您所購買的商品</p><p>2) 提供商品運送狀況和客戶支援的最新消息</p><p>3) 為您提供有關商品的資料</p><p>4) 處理您的訂單, 或根據您的要求或透過我們網站提供服務和資訊</p><p>此外, 我們也會使用您所提供的資料管理您的帳戶; 驗證及進行您的網上付款有關交易; 審查從我們網站下載的資料; 辨識網站瀏覽器; 做網站用戶統計進行調查; 在您表明不拒絕接收訊息的情況下, 發送我們認為適合您的相關商品或服務資訊。</p><p>我們可能會將您的姓名和地址交給第三者 (例如速遞公司或供應商), 以方便送貨。</p><p>注：速遞公司有權要求您填寫身份證號碼，爲了提供海關內部查閱和核對以方便安排出口。</p><p>我們可能會保留您的訂單資料, 但基於保安理由, 我們不能直接檢索該資料。您可以登入帳戶, 存取訂單資料, 查詢個人訂單資料。您也可以管理個人地址、銀行資料和已訂閱的電子報。您有責任確保個人資料保密, 並不會讓未授權的第三方得到這些資料。我們不會承擔任何不當使用密碼的責任。</p><p><strong>個人資料安全</strong></p><p>我們確保會安全和保密地保存所有收集到的資料。我們會以下列方式保護您的個人資料:</p><p>1) 限制存取個人資料</p><p>2) 維護科技產品防止未經授權存取電腦資料</p><p>3) 當資料沒有保留作記綠的用途, 我們會在安全情況下銷毀您的個人資料</p><p>我們使用128位元安全通訊端層保密技術 (SSL) 處理您的財務資料。128位元安全通訊端層保密技術大約需要至少一萬億年破解, 並且為業界標準的安全措施。</p><p><strong>個人資料披露</strong></p><p>除了提供我們網站送貨服務的相關公司及相關第三方以外, 我們不會將您的個人資料分享給其他機構。</p><p>在特殊情況下, 我們網站可能會被要求披露個人資料, 例如: 在有理由相信的情況下披露個人資料有助阻止生命或健康受到威脅, 或作執法用途。</p><p>如果你認為我們網站違反了隱私條例, 請聯繫在線客服</p><p><strong>電腦數據收集</strong></p><p>當您瀏覽我們網站時, 本公司的伺服器會自動記錄您的瀏覽器所傳送的資料。資料包括:</p><p>- 您的電腦IP地址</p><p>- 瀏覽器類別</p><p>- 瀏覽我們網站前所瀏覽的網頁</p><p>- 在我們網站內瀏覽的頁面</p><p>- 於上述頁面的使用時間、於我們網站搜尋的產品及資料、存取時間及日期, 以及其他統計數據。</p><p>收集所得的資料會用作分析和評估, 從而幫助改善本網站及我們提供的服務和產品。這些資料不會與其他個人資料一同使用。</p><p><strong>隱私聲明更改</strong></p><p>我們網站保留隨時修改和更改隱私聲明的權利。</p><p>有關違反隱私條例的投訴</p><p>如果對我們處理客戶隱私或投訴的方法有任何不滿, 請聯絡我們。</p><p><br/></p>', 0, 0, 0, 1543832590);

INSERT INTO `akmall_category` (`id`, `name`, `type`, `sort_order`, `image`) VALUES
(1, '熱賣商品', 1, 0, ''),
(2, '時尚服裝', 1, 0, ''),
(3, '精美飾品', 1, 0, ''),
(4, '眼鏡', 1, 0, ''),
(6, '關於我們', 2, 0, '');

INSERT INTO `akmall_item` (`id`, `user_id`, `user_pid`, `sn`, `category_id`, `name`, `aliasname`, `brief`, `tags`, `original_price`, `price`, `quantity`, `salenum`, `min_num`, `max_num`, `qrcode_pay`, `qrcode_pay_info`, `qrcode`, `image`, `thumb`, `slideshow`, `status`, `is_hot`, `is_big`, `sort_order`, `params_name`, `params`, `params_type`, `options`, `extends`, `content`, `payment`, `shipping_id`, `remark`, `header`, `javascript`, `is_delete`, `is_sent`, `is_auto_send`, `send_content`, `sms_send`, `timer`, `link_pay_url`, `link_pay_info`, `click`, `buy_num`, `buy_num_decrease`, `redirect_uri`, `weixin`, `update_time`, `add_time`, `ipcloak_url`, `purchase_url`, `domain`, `facebook_pixel_id`) VALUES
(9, 1, 0, '3Fcux3', 1, '支持youtube、facebook视频', '', '', '', '0', '1111', 1000, 0, 2, 2, 0, '', '', '/201812/5c043a731f7c3.jpg', '/201812/5c043a731f7c3.jpg', '', 1, 1, 0, 0, '', '[]', 'radio', NULL, 'null', '<p style="border: 0px;"><span style="font-size: 18px;">下方是youtube视频，请开vpn看效果</span></p><div style=" position: relative; width: 100%; height: 0; padding-bottom: 66.66666666666667%;"><embed src="https://www.youtube.com/v/x7nCMgDKQ7g" style="position: absolute;top: 0;left: 0;width: 100%;height: 100%;" allowfullscreen="true"/></div><p style="border: 0px;"><br/></p>', '', 0, '', NULL, '', 0, 0, 0, '', '{"0":{"content":"#name#\\uff0c\\u60a8\\u5df2\\u6210\\u529f\\u8ba2\\u8d2d#title#\\uff0c\\u6570\\u91cf#quantity#\\u4ef6\\uff0c\\u6211\\u4eec\\u5c06\\u5c3d\\u5feb\\u5b89\\u6392\\u53d1\\u8d27\\uff0c\\u611f\\u8c22\\u652f\\u6301"},"1":{"content":"#name#\\uff0c\\u60a8\\u5df2\\u6210\\u529f\\u8ba2\\u8d2d#title#\\uff0c\\u4ef7\\u683c#price#\\u5143\\uff0c\\u6211\\u4eec\\u5c06\\u5c3d\\u5feb\\u5b89\\u6392\\u53d1\\u8d27\\uff0c\\u656c\\u8bf7\\u7559\\u610f"},"3":{"content":"#name#\\uff0c\\u60a8\\u8ba2\\u8d2d\\u7684#title#\\uff0c\\u5df2\\u53d1#express#\\uff0c\\u5355\\u53f7#expressNum#\\uff0c\\u8bf7\\u6ce8\\u610f\\u67e5\\u6536"}}', 0, NULL, NULL, 1, '', '', NULL, '', 1543781232, 1543742181, '', '', '', NULL),
(10, 1, 0, '9lyEXU', 4, '近視眼鏡女網紅款韓版潮不規則多邊形眼鏡框配有度數眼睛框', '', '網紅款韓版潮眼睛框', '近視眼鏡#網紅款#韓版#眼睛框', '1688', '1288', 1000, 1319, 1, 10, 0, '', '', 'https://oobayi.oss-cn-shenzhen.aliyuncs.com/akmall/1904/e468fffagy1fxsv8qeqr5j20ku0gpjsx.jpg', 'https://oobayi.oss-cn-shenzhen.aliyuncs.com/akmall/1904/e468fffagy1fxsv8qeqr5j20ku0gpjsx.jpg', '/201812/5c040ae849a6d.jpg', 1, 0, 0, 0, '', '[{"title":"\\u7c89\\u8272","price":"1288","image":"","qrcode":""},{"title":"\\u9ed1\\u91d1\\u8272","price":"1288","image":"","qrcode":""},{"title":"\\u9ed1\\u8272","price":"1288","image":"","qrcode":""}]', 'radio', NULL, 'null', '<p style="border: 0px;"><video class="edui-faked-video  video-js" controls="" preload="none" style="width:100%" width="420" height="280" src="https://cloud.video.taobao.com/play/u/1666692227/p/1/e/6/t/1/50259402821.mp4" data-setup="{}"><source src="https://cloud.video.taobao.com/play/u/1666692227/p/1/e/6/t/1/50259402821.mp4" type="video/mp4"/></video></p><p style="border: 0px;"><img src="https://oobayi.oss-cn-shenzhen.aliyuncs.com/akmall/1904/e468fffagy1fxsv8qe4v3j20ku0aigm9.jpg"/><img src="https://oobayi.oss-cn-shenzhen.aliyuncs.com/akmall/1904/e468fffagy1fxsv8qfazyj20ku0t10vh.jpg"/><img src="https://oobayi.oss-cn-shenzhen.aliyuncs.com/akmall/1904/e468fffagy1fxsv8qf5ojj20ku0t2jt1.jpg"/><img src="https://oobayi.oss-cn-shenzhen.aliyuncs.com/akmall/1904/e468fffagy1fxsv8qf9g3j20ku0t10uh.jpg"/><img src="https://oobayi.oss-cn-shenzhen.aliyuncs.com/akmall/1904/e468fffagy1fxsv8qedj6j20ku0t2q56.jpg"/><img src="https://oobayi.oss-cn-shenzhen.aliyuncs.com/akmall/1904/e468fffagy1fxsv8qh0auj20ku0pldhv.jpg"/></p><p style="border: 0px;">{[akmallOrder]}</p>', '', 0, '', NULL, '', 0, 0, 0, '', '{"0":{"content":"#name#\\uff0c\\u60a8\\u5df2\\u6210\\u529f\\u8ba2\\u8d2d#title#\\uff0c\\u6570\\u91cf#quantity#\\u4ef6\\uff0c\\u6211\\u4eec\\u5c06\\u5c3d\\u5feb\\u5b89\\u6392\\u53d1\\u8d27\\uff0c\\u611f\\u8c22\\u652f\\u6301"},"1":{"content":"#name#\\uff0c\\u60a8\\u5df2\\u6210\\u529f\\u8ba2\\u8d2d#title#\\uff0c\\u4ef7\\u683c#price#\\u5143\\uff0c\\u6211\\u4eec\\u5c06\\u5c3d\\u5feb\\u5b89\\u6392\\u53d1\\u8d27\\uff0c\\u656c\\u8bf7\\u7559\\u610f"},"3":{"content":"#name#\\uff0c\\u60a8\\u8ba2\\u8d2d\\u7684#title#\\uff0c\\u5df2\\u53d1#express#\\uff0c\\u5355\\u53f7#expressNum#\\uff0c\\u8bf7\\u6ce8\\u610f\\u67e5\\u6536"}}', 13600, NULL, NULL, 1, '2', '100', NULL, '', 1543783163, 1543768607, '', 'https://detail.tmall.com/item.htm?spm=a220m.1000858.1000725.266.6a517396sliSjw&id=573549556271', '', NULL),
(11, 1, 0, '6Y59UK', 4, '太陽鏡2018新款偏光鏡墨鏡夾片男士鏡片女近視眼鏡', '', '太陽鏡2018新款偏光鏡墨鏡', '太陽鏡#偏光鏡#墨鏡#男士眼鏡#貨到付款#七天鑒賞期', '2280', '1988', 1000, 0, 1, 100, 0, '', '', 'https://oobayi.oss-cn-shenzhen.aliyuncs.com/akmall/1904/e468fffagy1fxswiylb7ej20ly0goq59.jpg', 'https://oobayi.oss-cn-shenzhen.aliyuncs.com/akmall/1904/e468fffagy1fxswiylb7ej20ly0goq59.jpg', '/201812/5c0412bf7e786.jpg', 1, 0, 0, 0, '', '[{"title":"\\u65e5\\u7528-\\u5b9d\\u84dd\\u7247","price":"1988","image":"https:\\/\\/oobayi.oss-cn-shenzhen.aliyuncs.com\\/akmall\\/1904\\/e468fffagy1fxswqsec46j20by0byjsm.jpg","qrcode":""},{"title":"\\u65e5\\u7528-\\u58a8\\u7eff\\u7247","price":"1888","image":"https:\\/\\/oobayi.oss-cn-shenzhen.aliyuncs.com\\/akmall\\/1904\\/e468fffagy1fxswqsf9bej20by0by3zk.jpg","qrcode":""},{"title":"\\u65e5\\u7528-\\u84dd\\u8272\\u7247","price":"1588","image":"https:\\/\\/oobayi.oss-cn-shenzhen.aliyuncs.com\\/akmall\\/1904\\/e468fffagy1fxswqseo57j20by0by75c.jpg","qrcode":""},{"title":"\\u65e5\\u7528-\\u70ab\\u7eff\\u7247","price":"2088","image":"https:\\/\\/oobayi.oss-cn-shenzhen.aliyuncs.com\\/akmall\\/1904\\/e468fffagy1fxswqsgqwsj20by0byjsh.jpg","qrcode":""},{"title":"\\u65e5\\u7528-\\u6c34\\u5370\\u7247","price":"1188","image":"https:\\/\\/oobayi.oss-cn-shenzhen.aliyuncs.com\\/akmall\\/1904\\/e468fffagy1fxswqshjg7j20by0bygml.jpg","qrcode":""}]', 'radio', NULL, 'null', '<p><img src="https://oobayi.oss-cn-shenzhen.aliyuncs.com/akmall/1904/e468fffagy1fxswiylb7ej20ly0goq59.jpg"/><img src="https://oobayi.oss-cn-shenzhen.aliyuncs.com/akmall/1904/e468fffagy1fxswiyin41j20ly0dxgmm.jpg"/><img src="https://oobayi.oss-cn-shenzhen.aliyuncs.com/akmall/1904/e468fffagy1fxswiyl4ldj20ly0um40s.jpg"/><img src="https://oobayi.oss-cn-shenzhen.aliyuncs.com/akmall/1904/e468fffagy1fxswiyn2rtj20ly0uldie.jpg"/><img src="https://oobayi.oss-cn-shenzhen.aliyuncs.com/akmall/1904/e468fffagy1fxswiyly6fj20ly0uldhy.jpg"/><img src="https://oobayi.oss-cn-shenzhen.aliyuncs.com/akmall/1904/e468fffagy1fxswiynohaj20ly0uln04.jpg"/><img src="https://oobayi.oss-cn-shenzhen.aliyuncs.com/akmall/1904/e468fffagy1fxswiyo3aoj20ly0jfwhi.jpg"/></p><p>{[akmallOrder]}</p>', '', 0, '', NULL, '', 0, 0, 0, '', '{"0":{"content":"#name#\\uff0c\\u60a8\\u5df2\\u6210\\u529f\\u8ba2\\u8d2d#title#\\uff0c\\u6570\\u91cf#quantity#\\u4ef6\\uff0c\\u6211\\u4eec\\u5c06\\u5c3d\\u5feb\\u5b89\\u6392\\u53d1\\u8d27\\uff0c\\u611f\\u8c22\\u652f\\u6301"},"1":{"content":"#name#\\uff0c\\u60a8\\u5df2\\u6210\\u529f\\u8ba2\\u8d2d#title#\\uff0c\\u4ef7\\u683c#price#\\u5143\\uff0c\\u6211\\u4eec\\u5c06\\u5c3d\\u5feb\\u5b89\\u6392\\u53d1\\u8d27\\uff0c\\u656c\\u8bf7\\u7559\\u610f"},"3":{"content":"#name#\\uff0c\\u60a8\\u8ba2\\u8d2d\\u7684#title#\\uff0c\\u5df2\\u53d1#express#\\uff0c\\u5355\\u53f7#expressNum#\\uff0c\\u8bf7\\u6ce8\\u610f\\u67e5\\u6536"}}', 2000, NULL, NULL, 1, '', '', NULL, '', 1543783148, 1543771396, '', '', '', NULL),
(12, 1, 0, '4e3HEt', 2, '樂町蕾絲拼接毛針織衫長袖2018秋冬季新款女裝內搭打底衫薄款毛衣', '', '2018秋冬季新款女裝內搭打底衫薄款毛衣', '蕾絲#毛針織衫#內搭#打底衫#薄款毛衣', '1688', '1111', 1000, 1263, 1, 10, 0, '', '', '/201812/5c041ed4bd547.jpg', '/201812/5c041ed4bd547.jpg', '/201812/5c041ed4bd547.jpg', 1, 0, 0, 0, '選擇顏色', '[{"title":"\\u9ed1\\u8272","price":"1288","image":"https:\\/\\/oobayi.oss-cn-shenzhen.aliyuncs.com\\/akmall\\/1904\\/e468fffagy1fxsxbtoffuj20by0by770.jpg","qrcode":""},{"title":"\\u9a7c\\u8272","price":"1288","image":"https:\\/\\/oobayi.oss-cn-shenzhen.aliyuncs.com\\/akmall\\/1904\\/e468fffagy1fxsxcdvpvvj20by0byn0o.jpg","qrcode":""},{"title":"\\u767d\\u8272","price":"1288","image":"https:\\/\\/oobayi.oss-cn-shenzhen.aliyuncs.com\\/akmall\\/1904\\/e468fffagy1fxsxcztty7j20by0by77s.jpg","qrcode":""},{"title":"\\u9ec4\\u8272","price":"1288","image":"https:\\/\\/oobayi.oss-cn-shenzhen.aliyuncs.com\\/akmall\\/1904\\/e468fffagy1fxsxdcs3kuj20by0byn0e.jpg","qrcode":""}]', 'radio', NULL, '{"1543772589055":{"type":"radio","title":"1#\\u5c3a\\u7801","value":["155\\/S","160\\/M","165\\/L"],"image":["","",""]},"1543772605802":{"type":"radio","title":"2#\\u5c3a\\u7801","value":["155\\/S","160\\/M"],"image":["",""]},"1543772924885":{"type":"radio","title":"3#\\u5c3a\\u7801","value":["160\\/M","165\\/L"],"image":["",""]},"1543772926100":{"type":"radio","title":"4#\\u5c3a\\u7801","value":["160\\/M","160\\/M","165\\/L"],"image":["","",""]}}', '<p style="border: 0px;"><video class="edui-faked-video  video-js" controls="" preload="none" style="width:100%" width="420" height="280" src="https://cloud.video.taobao.com/play/u/513051429/p/1/e/6/t/1/50229956825.mp4" data-setup="{}"><source src="https://cloud.video.taobao.com/play/u/513051429/p/1/e/6/t/1/50229956825.mp4" type="video/mp4"/></video></p><p style="border: 0px;"><img src="https://oobayi.oss-cn-shenzhen.aliyuncs.com/akmall/1904/e468fffagy1fxsx7rufnzj20ku0xie7n.jpg"/><img src="https://oobayi.oss-cn-shenzhen.aliyuncs.com/akmall/1904/e468fffagy1fxsx8im3gcj20ku0zl1kx.jpg"/></p><p>{[akmallOrder]}</p>', '', 0, '', NULL, '', 0, 0, 0, '', '{"0":{"content":"#name#\\uff0c\\u60a8\\u5df2\\u6210\\u529f\\u8ba2\\u8d2d#title#\\uff0c\\u6570\\u91cf#quantity#\\u4ef6\\uff0c\\u6211\\u4eec\\u5c06\\u5c3d\\u5feb\\u5b89\\u6392\\u53d1\\u8d27\\uff0c\\u611f\\u8c22\\u652f\\u6301"},"1":{"content":"#name#\\uff0c\\u60a8\\u5df2\\u6210\\u529f\\u8ba2\\u8d2d#title#\\uff0c\\u4ef7\\u683c#price#\\u5143\\uff0c\\u6211\\u4eec\\u5c06\\u5c3d\\u5feb\\u5b89\\u6392\\u53d1\\u8d27\\uff0c\\u656c\\u8bf7\\u7559\\u610f"},"3":{"content":"#name#\\uff0c\\u60a8\\u8ba2\\u8d2d\\u7684#title#\\uff0c\\u5df2\\u53d1#express#\\uff0c\\u5355\\u53f7#expressNum#\\uff0c\\u8bf7\\u6ce8\\u610f\\u67e5\\u6536"}}', 13600, NULL, NULL, 1, '2', '100', NULL, '', 1543783175, 1543772719, '', '', '', NULL),
(13, 1, 0, '5b2O1V', 2, '修身薄款針織衫2018早秋新款復古修身女多色chic毛衣外套', '', '2018早秋新款復古修身女多色毛衣外套', '針織衫#復古#修身#毛衣#外套', '1688', '680', 1000, 120, 1, 20, 0, '', '', '/201812/5c0424eb9d5eb.jpg', '/201812/5c0424eb9d5eb.jpg', '/201812/5c0424eb9d5eb.jpg', 1, 0, 0, 0, '', '[{"title":"\\u767d\\u8272","price":"680","image":"https:\\/\\/oobayi.oss-cn-shenzhen.aliyuncs.com\\/akmall\\/1904\\/e468fffagy1fxsyyx6la8j20by0byah4.jpg","qrcode":""},{"title":"\\u67d4\\u73ab\\u7c89","price":"680","image":"https:\\/\\/oobayi.oss-cn-shenzhen.aliyuncs.com\\/akmall\\/1904\\/e468fffagy1fxsz049sxgj20by0byadc.jpg","qrcode":""},{"title":"\\u7126\\u7cd6\\u8272","price":"680","image":"https:\\/\\/oobayi.oss-cn-shenzhen.aliyuncs.com\\/akmall\\/1904\\/e468fffagy1fxsz0e17x9j20by0by0x0.jpg","qrcode":""}]', 'radio', NULL, '{"1543775959879":{"type":"radio","title":"\\u5c3a\\u7801","value":["S","M","L","XL"],"image":["","","",""]}}', '<p style="border: 0px;"><video class="edui-faked-video    video-js" controls="" preload="none" style="width:100%" width="420" height="280" src="https://cloud.video.taobao.com/play/u/513051429/p/1/e/6/t/1/211347782524.mp4" data-setup="{}"><source src="https://cloud.video.taobao.com/play/u/513051429/p/1/e/6/t/1/211347782524.mp4" type="video/mp4"/></video></p><p><img src="https://oobayi.oss-cn-shenzhen.aliyuncs.com/akmall/1904/e468fffagy1fxsyto1nl6j20ku0z84qp.jpg"/><img src="https://oobayi.oss-cn-shenzhen.aliyuncs.com/akmall/1904/e468fffagy1fxsyty9ic0j20ku106qtd.jpg"/><img src="https://oobayi.oss-cn-shenzhen.aliyuncs.com/akmall/1904/e468fffagy1fxsyun3pmjj20ku0u7dnb.jpg"/><img src="https://oobayi.oss-cn-shenzhen.aliyuncs.com/akmall/1904/e468fffagy1fxsyv6bay8j20ku0rz1kp.jpg"/></p><p>{[akmallOrder]}</p>', '', 0, '', NULL, '', 0, 0, 0, '', '{"0":{"content":"#name#\\uff0c\\u60a8\\u5df2\\u6210\\u529f\\u8ba2\\u8d2d#title#\\uff0c\\u6570\\u91cf#quantity#\\u4ef6\\uff0c\\u6211\\u4eec\\u5c06\\u5c3d\\u5feb\\u5b89\\u6392\\u53d1\\u8d27\\uff0c\\u611f\\u8c22\\u652f\\u6301"},"1":{"content":"#name#\\uff0c\\u60a8\\u5df2\\u6210\\u529f\\u8ba2\\u8d2d#title#\\uff0c\\u4ef7\\u683c#price#\\u5143\\uff0c\\u6211\\u4eec\\u5c06\\u5c3d\\u5feb\\u5b89\\u6392\\u53d1\\u8d27\\uff0c\\u656c\\u8bf7\\u7559\\u610f"},"3":{"content":"#name#\\uff0c\\u60a8\\u8ba2\\u8d2d\\u7684#title#\\uff0c\\u5df2\\u53d1#express#\\uff0c\\u5355\\u53f7#expressNum#\\uff0c\\u8bf7\\u6ce8\\u610f\\u67e5\\u6536"}}', 0, NULL, NULL, 1, '2', '10', NULL, '', 1543783186, 1543775664, '', '', '', NULL),
(14, 1, 0, '2fBLeL', 2, '秋冬港風pphome加絨貼布綉圓領慵懶風上衣寬鬆', '', '秋冬港風pphome加絨貼布綉圓領慵懶風上衣寬鬆', '針織衫#復古#修身#毛衣#外套', '1688', '1588', 1000, 120, 1, 20, 0, '', '', '/201812/5c0429400efcb.jpg', '/201812/5c0429400efcb.jpg', '/201812/5c0429400efcb.jpg', 1, 0, 0, 0, '', '[{"title":"\\u767d\\u8272","price":"680","image":"https:\\/\\/oobayi.oss-cn-shenzhen.aliyuncs.com\\/akmall\\/1904\\/e468fffagy1fxsyyx6la8j20by0byah4.jpg","qrcode":""},{"title":"\\u67d4\\u73ab\\u7c89","price":"680","image":"https:\\/\\/oobayi.oss-cn-shenzhen.aliyuncs.com\\/akmall\\/1904\\/e468fffagy1fxsz049sxgj20by0byadc.jpg","qrcode":""},{"title":"\\u7126\\u7cd6\\u8272","price":"680","image":"https:\\/\\/oobayi.oss-cn-shenzhen.aliyuncs.com\\/akmall\\/1904\\/e468fffagy1fxsz0e17x9j20by0by0x0.jpg","qrcode":""}]', 'radio', NULL, '{"1543775959879":{"type":"radio","title":"\\u5c3a\\u7801","value":["S","M","L","XL"],"image":["","","",""]}}', '<p style="border: 0px;"><video class="edui-faked-video      video-js" controls="" preload="none" style="width:100%" width="420" height="280" src="https://cloud.video.taobao.com/play/u/513051429/p/1/e/6/t/1/211347782524.mp4" data-setup="{}"><source src="https://cloud.video.taobao.com/play/u/513051429/p/1/e/6/t/1/211347782524.mp4" type="video/mp4"/></video></p><p><img src="https://oobayi.oss-cn-shenzhen.aliyuncs.com/akmall/1904/e468fffagy1fxsyto1nl6j20ku0z84qp.jpg"/><img src="https://oobayi.oss-cn-shenzhen.aliyuncs.com/akmall/1904/e468fffagy1fxsyty9ic0j20ku106qtd.jpg"/><img src="https://oobayi.oss-cn-shenzhen.aliyuncs.com/akmall/1904/e468fffagy1fxsyun3pmjj20ku0u7dnb.jpg"/><img src="https://oobayi.oss-cn-shenzhen.aliyuncs.com/akmall/1904/e468fffagy1fxsyv6bay8j20ku0rz1kp.jpg"/></p><p>{[akmallOrder]}</p>', '', 0, '', NULL, '', 0, 0, 0, '', '{"0":{"content":"#name#\\uff0c\\u60a8\\u5df2\\u6210\\u529f\\u8ba2\\u8d2d#title#\\uff0c\\u6570\\u91cf#quantity#\\u4ef6\\uff0c\\u6211\\u4eec\\u5c06\\u5c3d\\u5feb\\u5b89\\u6392\\u53d1\\u8d27\\uff0c\\u611f\\u8c22\\u652f\\u6301"},"1":{"content":"#name#\\uff0c\\u60a8\\u5df2\\u6210\\u529f\\u8ba2\\u8d2d#title#\\uff0c\\u4ef7\\u683c#price#\\u5143\\uff0c\\u6211\\u4eec\\u5c06\\u5c3d\\u5feb\\u5b89\\u6392\\u53d1\\u8d27\\uff0c\\u656c\\u8bf7\\u7559\\u610f"},"3":{"content":"#name#\\uff0c\\u60a8\\u8ba2\\u8d2d\\u7684#title#\\uff0c\\u5df2\\u53d1#express#\\uff0c\\u5355\\u53f7#expressNum#\\uff0c\\u8bf7\\u6ce8\\u610f\\u67e5\\u6536"}}', 0, NULL, NULL, 1, '2', '10', NULL, '', 1543783195, 1543776593, '', '', '', NULL),
(15, 1, 0, '8nBuKU', 1, '內部名稱&外部名稱演示-小語種專用', '', '復古原宿風ulzzang', '近視眼鏡#網紅款#韓版#眼睛框', '1688', '1288', 1000, 1319, 1, 10, 0, '', '', '/201812/5c042a748f839.jpg', '/201812/5c042a748f839.jpg', '/201812/5c042a748f839.jpg', 1, 0, 0, 0, '', '[{"title":"Pink||\\u7c89\\u8272","price":"1288","image":"","qrcode":""},{"title":"Black gold||\\u9ed1\\u91d1\\u8272","price":"1288","image":"","qrcode":""},{"title":"Black||\\u9ed1\\u8272","price":"1288","image":"","qrcode":""}]', 'radio', NULL, 'null', '<p style="border: 0px;"><video class="edui-faked-video     video-js" controls="" preload="none" style="width:100%" width="420" height="280" src="https://cloud.video.taobao.com/play/u/1666692227/p/1/e/6/t/1/50280298286.mp4" data-setup="{}"><source src="https://cloud.video.taobao.com/play/u/1666692227/p/1/e/6/t/1/50280298286.mp4" type="video/mp4"/></video></p><p style="border: 0px;"><img src="https://oobayi.oss-cn-shenzhen.aliyuncs.com/akmall/1904/e468fffagy1fxsv8qe4v3j20ku0aigm9.jpg"/><img src="https://oobayi.oss-cn-shenzhen.aliyuncs.com/akmall/1904/e468fffagy1fxsv8qfazyj20ku0t10vh.jpg"/><img src="https://oobayi.oss-cn-shenzhen.aliyuncs.com/akmall/1904/e468fffagy1fxsv8qf5ojj20ku0t2jt1.jpg"/><img src="https://oobayi.oss-cn-shenzhen.aliyuncs.com/akmall/1904/e468fffagy1fxsv8qf9g3j20ku0t10uh.jpg"/><img src="https://oobayi.oss-cn-shenzhen.aliyuncs.com/akmall/1904/e468fffagy1fxsv8qedj6j20ku0t2q56.jpg"/><img src="https://oobayi.oss-cn-shenzhen.aliyuncs.com/akmall/1904/e468fffagy1fxsv8qh0auj20ku0pldhv.jpg"/></p><p style="border: 0px;">{[akmallOrder]}</p>', '', 0, '', NULL, '', 0, 0, 0, '', '{"0":{"content":"#name#\\uff0c\\u60a8\\u5df2\\u6210\\u529f\\u8ba2\\u8d2d#title#\\uff0c\\u6570\\u91cf#quantity#\\u4ef6\\uff0c\\u6211\\u4eec\\u5c06\\u5c3d\\u5feb\\u5b89\\u6392\\u53d1\\u8d27\\uff0c\\u611f\\u8c22\\u652f\\u6301"},"1":{"content":"#name#\\uff0c\\u60a8\\u5df2\\u6210\\u529f\\u8ba2\\u8d2d#title#\\uff0c\\u4ef7\\u683c#price#\\u5143\\uff0c\\u6211\\u4eec\\u5c06\\u5c3d\\u5feb\\u5b89\\u6392\\u53d1\\u8d27\\uff0c\\u656c\\u8bf7\\u7559\\u610f"},"3":{"content":"#name#\\uff0c\\u60a8\\u8ba2\\u8d2d\\u7684#title#\\uff0c\\u5df2\\u53d1#express#\\uff0c\\u5355\\u53f7#expressNum#\\uff0c\\u8bf7\\u6ce8\\u610f\\u67e5\\u6536"}}', 13600, NULL, NULL, 1, '2', '100', NULL, '', 1543857980, 1543776921, '', 'https://detail.tmall.com/item.htm?spm=a220m.1000858.1000725.266.6a517396sliSjw&id=573549556271', '', NULL),
(16, 1, 0, '5RN2A6', 3, '正品專櫃50分送女友750求婚結婚定製18K白金鑽石戒指', '', '求婚結婚定製18K白金鑽石戒指', '正品專櫃#18K#白金鑽石#戒指', '18880', '13999', 1000, 1319, 1, 5, 0, '', '', '/201812/5c042bfa74e25.jpg', '/201812/5c042bfa74e25.jpg', '/201812/5c042bfa74e25.jpg', 1, 0, 0, 0, '', '[]', 'radio', NULL, '{"1543777574948":{"type":"radio","title":"\\u94bb\\u77f3\\u51c0\\u5ea6","value":["SI\\/\\u5c0f\\u7455"],"image":[""]},"1543777576548":{"type":"radio","title":"\\u89c4\\u683c","value":["\\u5973\\u6212-12\\u53f7","\\u5973\\u6212-14\\u53f7"],"image":["",""]},"1543777576725":{"type":"radio","title":"\\u989c\\u8272","value":["F-G\\/\\u4f18\\u767d"],"image":[""]},"1543777576878":{"type":"radio","title":"\\u4e3b\\u94bb\\u5206\\u6570\\uff08\\u6700\\u4f4e\\uff09","value":["35\\u5206","50\\u5206"],"image":["",""]}}', '<p style="border: 0px;"><video class="edui-faked-video       video-js" controls="" preload="none" style="width:100%" width="420" height="280" src="https://cloud.video.taobao.com/play/u/673558948/p/1/e/6/t/1/50065250881.mp4" data-setup="{}"><source src="https://cloud.video.taobao.com/play/u/673558948/p/1/e/6/t/1/50065250881.mp4" type="video/mp4"/></video></p><p style="border: 0px;"><img src="https://oobayi.oss-cn-shenzhen.aliyuncs.com/akmall/1904/e468fffagy1fxszptacd3j20ly1d2b0e.jpg"/> &nbsp;<img src="https://oobayi.oss-cn-shenzhen.aliyuncs.com/akmall/1904/e468fffagy1fxszqr9vk6j20ly0tkhba.jpg"/> &nbsp;<img src="https://oobayi.oss-cn-shenzhen.aliyuncs.com/akmall/1904/e468fffagy1fxszr1bmeyj20ly0q9e47.jpg"/> &nbsp;<img src="https://oobayi.oss-cn-shenzhen.aliyuncs.com/akmall/1904/e468fffagy1fxszr92iv6j20ly0mw4l3.jpg"/> &nbsp;<img src="https://oobayi.oss-cn-shenzhen.aliyuncs.com/akmall/1904/e468fffagy1fxszrhh5hqj20ly0t2e5i.jpg"/></p><p style="border: 0px;">{[akmallOrder]}</p>', '', 0, '', NULL, '', 0, 0, 0, '', '{"0":{"content":"#name#\\uff0c\\u60a8\\u5df2\\u6210\\u529f\\u8ba2\\u8d2d#title#\\uff0c\\u6570\\u91cf#quantity#\\u4ef6\\uff0c\\u6211\\u4eec\\u5c06\\u5c3d\\u5feb\\u5b89\\u6392\\u53d1\\u8d27\\uff0c\\u611f\\u8c22\\u652f\\u6301"},"1":{"content":"#name#\\uff0c\\u60a8\\u5df2\\u6210\\u529f\\u8ba2\\u8d2d#title#\\uff0c\\u4ef7\\u683c#price#\\u5143\\uff0c\\u6211\\u4eec\\u5c06\\u5c3d\\u5feb\\u5b89\\u6392\\u53d1\\u8d27\\uff0c\\u656c\\u8bf7\\u7559\\u610f"},"3":{"content":"#name#\\uff0c\\u60a8\\u8ba2\\u8d2d\\u7684#title#\\uff0c\\u5df2\\u53d1#express#\\uff0c\\u5355\\u53f7#expressNum#\\uff0c\\u8bf7\\u6ce8\\u610f\\u67e5\\u6536"}}', 13600, NULL, NULL, 1, '2', '1000', NULL, '', 1543783225, 1543777734, '', '', '', NULL),
(17, 1, 0, '277zqm', 1, '白18K金皇冠奢華群鑲求婚結婚女戒指水滴形大鑽戒女鑽石戒指', '', '金皇冠奢華水滴形大鑽戒', '正品專櫃#18K#白金鑽石#戒指', '18880', '16999', 1000, 1319, 1, 5, 0, '', '', '/201812/5c0436035b0fe.jpg', '/201812/5c0436035b0fe.jpg', '/201812/5c0436035b0fe.jpg', 1, 0, 0, 0, '', '[]', 'radio', NULL, '{"1543777574948":{"type":"radio","title":"\\u94bb\\u77f3\\u51c0\\u5ea6","value":["20\\u5206\\u4ee5\\u4e0b\\u4e0d\\u5206\\u7ea7","SI\\/\\u5c0f\\u7455"],"image":["",""]},"1543777576548":{"type":"radio","title":"\\u89c4\\u683c","value":["\\u3010\\u7687\\u51a0\\u301145\\u5206\\u94bb\\uff088+37\\uff09\\u4e0d\\u5206\\u7ea7","\\u3010\\u7687\\u51a0\\u301164\\u5206\\u94bb\\uff0818+46\\uff09SI DE","\\u3010\\u7687\\u51a0\\u301161\\u5206\\u94bb\\uff0818+43\\uff09SI DE","\\u3010\\u7687\\u51a0\\u301161\\u5206\\u94bb\\uff0818+43\\uff09SI H","\\u3010\\u7687\\u51a0\\u301166\\u5206\\u94bb\\uff0820+46\\uff09SI H"],"image":["","","","",""]},"1543777576725":{"type":"radio","title":"\\u989c\\u8272","value":["H\\/\\u767d","D-E\\/\\u6781\\u767d"],"image":["",""]},"1543777576878":{"type":"radio","title":"\\u4e3b\\u94bb\\u5206\\u6570\\uff08\\u6700\\u4f4e\\uff09","value":["8\\u5206","18\\u5206","20\\u5206"],"image":["","",""]}}', '<p style="border: 0px;"><video class="edui-faked-video    video-js" controls="" preload="none" style="width:100%" width="420" height="280" src="https://cloud.video.taobao.com/play/u/1882674144/p/1/e/6/t/1/50077254343.mp4" data-setup="{}"><source src="https://cloud.video.taobao.com/play/u/1882674144/p/1/e/6/t/1/50077254343.mp4" type="video/mp4"/></video></p><p style="border: 0px;"><img src="https://oobayi.oss-cn-shenzhen.aliyuncs.com/akmall/1904/e468fffagy1fxszptacd3j20ly1d2b0e.jpg"/> &nbsp;<img src="https://oobayi.oss-cn-shenzhen.aliyuncs.com/akmall/1904/e468fffagy1fxszqr9vk6j20ly0tkhba.jpg"/> &nbsp;<img src="https://oobayi.oss-cn-shenzhen.aliyuncs.com/akmall/1904/e468fffagy1fxszr1bmeyj20ly0q9e47.jpg"/> &nbsp;<img src="https://oobayi.oss-cn-shenzhen.aliyuncs.com/akmall/1904/e468fffagy1fxszr92iv6j20ly0mw4l3.jpg"/> &nbsp;<img src="https://oobayi.oss-cn-shenzhen.aliyuncs.com/akmall/1904/e468fffagy1fxszrhh5hqj20ly0t2e5i.jpg"/></p><p style="border: 0px;">{[akmallOrder]}</p>', '', 0, '', NULL, '', 0, 0, 0, '', '{"0":{"content":"#name#\\uff0c\\u60a8\\u5df2\\u6210\\u529f\\u8ba2\\u8d2d#title#\\uff0c\\u6570\\u91cf#quantity#\\u4ef6\\uff0c\\u6211\\u4eec\\u5c06\\u5c3d\\u5feb\\u5b89\\u6392\\u53d1\\u8d27\\uff0c\\u611f\\u8c22\\u652f\\u6301"},"1":{"content":"#name#\\uff0c\\u60a8\\u5df2\\u6210\\u529f\\u8ba2\\u8d2d#title#\\uff0c\\u4ef7\\u683c#price#\\u5143\\uff0c\\u6211\\u4eec\\u5c06\\u5c3d\\u5feb\\u5b89\\u6392\\u53d1\\u8d27\\uff0c\\u656c\\u8bf7\\u7559\\u610f"},"3":{"content":"#name#\\uff0c\\u60a8\\u8ba2\\u8d2d\\u7684#title#\\uff0c\\u5df2\\u53d1#express#\\uff0c\\u5355\\u53f7#expressNum#\\uff0c\\u8bf7\\u6ce8\\u610f\\u67e5\\u6536"}}', 13600, NULL, NULL, 1, '2', '1000', NULL, '', 1543783407, 1543779863, '', '', '', NULL),
(18, 1, 0, '8e7uPn', 1, '演示產品-推薦看此產品演示', '', '2018秋冬季新款女裝內搭打底衫薄款毛衣', '蕾絲#毛針織衫#內搭#打底衫', '1688', '1111', 1000, 1265, 1, 10, 0, '', '', '/201812/5c041ed4bd547.jpg', '/201812/5c041ed4bd547.jpg', '/201812/5c04480a33764.jpg,/201812/5c04480dc9c37.jpg,/201812/5c044810e4c7f.jpg', 1, 1, 0, 0, '選擇套餐', '[{"title":"\\u5957\\u9910\\u4e00 1\\u5165-NT$1999","price":"1999","image":"","qrcode":""},{"title":"\\u5957\\u9910\\u4e8c 2\\u5165\\u52a0900 -NT$2899\\u3010\\u5c0f\\u7de8\\u63a8\\u85a6\\u3011","price":"2899","image":"","qrcode":""},{"title":"\\u5957\\u9910\\u4e09 3\\u5165\\u52a0900 -NT$3799","price":"3799","image":"","qrcode":""}]', 'radio', NULL, '{"1543772589055":{"type":"radio","title":"1#\\u9009\\u62e9\\u989c\\u8272||1","value":["\\u9ed1\\u8272","\\u9a7c\\u8272","\\u767d\\u8272","\\u9ec4\\u8272"],"image":["https:\\/\\/oobayi.oss-cn-shenzhen.aliyuncs.com\\/akmall\\/1904\\/e468fffagy1fxsxbtoffuj20by0by770.jpg","https:\\/\\/oobayi.oss-cn-shenzhen.aliyuncs.com\\/akmall\\/1904\\/e468fffagy1fxsxcdvpvvj20by0byn0o.jpg","https:\\/\\/oobayi.oss-cn-shenzhen.aliyuncs.com\\/akmall\\/1904\\/e468fffagy1fxsxcztty7j20by0by77s.jpg","https:\\/\\/oobayi.oss-cn-shenzhen.aliyuncs.com\\/akmall\\/1904\\/e468fffagy1fxsxdcs3kuj20by0byn0e.jpg"]},"1543772605802":{"type":"radio","title":"1#\\u9009\\u62e9\\u5c3a\\u7801||1","value":["155\\/S","160\\/M","165\\/L"],"image":["","",""]},"1543772924885":{"type":"radio","title":"2#\\u7b2c\\u4e00\\u4ef6\\u989c\\u8272||2","value":["\\u9ed1\\u8272","\\u9a7c\\u8272","\\u767d\\u8272","\\u9ec4\\u8272"],"image":["https:\\/\\/oobayi.oss-cn-shenzhen.aliyuncs.com\\/akmall\\/1904\\/e468fffagy1fxsxbtoffuj20by0by770.jpg","https:\\/\\/oobayi.oss-cn-shenzhen.aliyuncs.com\\/akmall\\/1904\\/e468fffagy1fxsxcdvpvvj20by0byn0o.jpg","https:\\/\\/oobayi.oss-cn-shenzhen.aliyuncs.com\\/akmall\\/1904\\/e468fffagy1fxsxcztty7j20by0by77s.jpg","https:\\/\\/oobayi.oss-cn-shenzhen.aliyuncs.com\\/akmall\\/1904\\/e468fffagy1fxsxdcs3kuj20by0byn0e.jpg"]},"1543772926100":{"type":"radio","title":"2#\\u7b2c\\u4e00\\u4ef6\\u5c3a\\u7801||2","value":["155\\/S","160\\/M","165\\/L"],"image":["","",""]},"1543781385045":{"type":"radio","title":"2#\\u7b2c\\u4e8c\\u4ef6\\u989c\\u8272||2","value":["\\u9ed1\\u8272","\\u9a7c\\u8272","\\u767d\\u8272","\\u9ec4\\u8272"],"image":["https:\\/\\/oobayi.oss-cn-shenzhen.aliyuncs.com\\/akmall\\/1904\\/e468fffagy1fxsxbtoffuj20by0by770.jpg","https:\\/\\/oobayi.oss-cn-shenzhen.aliyuncs.com\\/akmall\\/1904\\/e468fffagy1fxsxcdvpvvj20by0byn0o.jpg","https:\\/\\/oobayi.oss-cn-shenzhen.aliyuncs.com\\/akmall\\/1904\\/e468fffagy1fxsxcztty7j20by0by77s.jpg","https:\\/\\/oobayi.oss-cn-shenzhen.aliyuncs.com\\/akmall\\/1904\\/e468fffagy1fxsxdcs3kuj20by0byn0e.jpg"]},"1543781385252":{"type":"radio","title":"2#\\u7b2c\\u4e8c\\u4ef6\\u5c3a\\u7801||2","value":["155\\/S","160\\/M","165\\/L"],"image":["","",""]},"1543781385458":{"type":"radio","title":"3#\\u7b2c\\u4e00\\u4ef6\\u989c\\u8272||3","value":["\\u9ed1\\u8272","\\u9a7c\\u8272","\\u767d\\u8272","\\u9ec4\\u8272"],"image":["https:\\/\\/oobayi.oss-cn-shenzhen.aliyuncs.com\\/akmall\\/1904\\/e468fffagy1fxsxbtoffuj20by0by770.jpg","https:\\/\\/oobayi.oss-cn-shenzhen.aliyuncs.com\\/akmall\\/1904\\/e468fffagy1fxsxcdvpvvj20by0byn0o.jpg","https:\\/\\/oobayi.oss-cn-shenzhen.aliyuncs.com\\/akmall\\/1904\\/e468fffagy1fxsxcztty7j20by0by77s.jpg","https:\\/\\/oobayi.oss-cn-shenzhen.aliyuncs.com\\/akmall\\/1904\\/e468fffagy1fxsxdcs3kuj20by0byn0e.jpg"]},"1543781385676":{"type":"radio","title":"3#\\u7b2c\\u4e00\\u4ef6\\u5c3a\\u7801||3","value":["155\\/S","160\\/M","165\\/L"],"image":["","",""]},"1543781385939":{"type":"radio","title":"3#\\u7b2c\\u4e8c\\u4ef6\\u989c\\u8272||3","value":["\\u9ed1\\u8272","\\u9a7c\\u8272","\\u767d\\u8272","\\u9ec4\\u8272"],"image":["https:\\/\\/oobayi.oss-cn-shenzhen.aliyuncs.com\\/akmall\\/1904\\/e468fffagy1fxsxbtoffuj20by0by770.jpg","https:\\/\\/oobayi.oss-cn-shenzhen.aliyuncs.com\\/akmall\\/1904\\/e468fffagy1fxsxcdvpvvj20by0byn0o.jpg","https:\\/\\/oobayi.oss-cn-shenzhen.aliyuncs.com\\/akmall\\/1904\\/e468fffagy1fxsxcztty7j20by0by77s.jpg","https:\\/\\/oobayi.oss-cn-shenzhen.aliyuncs.com\\/akmall\\/1904\\/e468fffagy1fxsxdcs3kuj20by0byn0e.jpg"]},"1543781387394":{"type":"radio","title":"3#\\u7b2c\\u4e8c\\u4ef6\\u5c3a\\u7801||3","value":["155\\/S","160\\/M","165\\/L"],"image":["","",""]},"1543782428394":{"type":"radio","title":"3#\\u7b2c\\u4e09\\u4ef6\\u989c\\u8272||3","value":["\\u9ed1\\u8272","\\u9a7c\\u8272","\\u767d\\u8272","\\u9ec4\\u8272"],"image":["https:\\/\\/oobayi.oss-cn-shenzhen.aliyuncs.com\\/akmall\\/1904\\/e468fffagy1fxsxbtoffuj20by0by770.jpg","https:\\/\\/oobayi.oss-cn-shenzhen.aliyuncs.com\\/akmall\\/1904\\/e468fffagy1fxsxcdvpvvj20by0byn0o.jpg","https:\\/\\/oobayi.oss-cn-shenzhen.aliyuncs.com\\/akmall\\/1904\\/e468fffagy1fxsxcztty7j20by0by77s.jpg","https:\\/\\/oobayi.oss-cn-shenzhen.aliyuncs.com\\/akmall\\/1904\\/e468fffagy1fxsxdcs3kuj20by0byn0e.jpg"]},"1543782428580":{"type":"radio","title":"3#\\u7b2c\\u4e09\\u4ef6\\u5c3a\\u7801||3","value":["155\\/S","160\\/M","165\\/L"],"image":["","",""]},"1543783533928":{"type":"radio","title":"2#\\u8d60\\u54c1~\\u4e702\\u4ef6\\u5c31\\u9001\\u4e00\\u9876\\u5e3d\\u5b50","value":["\\u9ed1\\u8272\\u4e00\\u9876","\\u7ea2\\u8272\\u4e00\\u9876"],"image":["https:\\/\\/oobayi.oss-cn-shenzhen.aliyuncs.com\\/akmall\\/1904\\/e468fffagy1fxt2vbp0tsj20ku0kudgp.jpg","https:\\/\\/oobayi.oss-cn-shenzhen.aliyuncs.com\\/akmall\\/1904\\/e468fffagy1fxt2vbp0tsj20ku0kudgp.jpg"]},"1543784127118":{"type":"radio","title":"3#\\u8d60\\u54c1~\\u4e703\\u4ef6\\u5c31\\u90012\\u9876\\u5e3d\\u5b50","value":["\\u9ed1\\u7ea2\\u5404\\u4e00\\u9876"],"image":["https:\\/\\/oobayi.oss-cn-shenzhen.aliyuncs.com\\/akmall\\/1904\\/e468fffagy1fxt2vbp0tsj20ku0kudgp.jpg"]}}', '<p style="border: 0px;"><video class="edui-faked-video       video-js" controls="controls" autoplay="autoplay" preload="none" style="width:100%" width="420" height="280" src="https://cloud.video.taobao.com/play/u/513051429/p/1/e/6/t/1/50229956825.mp4" data-setup="{}"><source src="https://cloud.video.taobao.com/play/u/513051429/p/1/e/6/t/1/50229956825.mp4" type="video/mp4"/></video></p><p style="border: 0px;"><img src="https://oobayi.oss-cn-shenzhen.aliyuncs.com/akmall/1904/e468fffagy1fxsx7rufnzj20ku0xie7n.jpg"/><img src="https://oobayi.oss-cn-shenzhen.aliyuncs.com/akmall/1904/e468fffagy1fxsx8im3gcj20ku0zl1kx.jpg"/></p><p>{[akmallOrder]}</p>', '', 0, '', NULL, '', 0, 0, 0, '', '{"0":{"content":"#name#\\uff0c\\u60a8\\u5df2\\u6210\\u529f\\u8ba2\\u8d2d#title#\\uff0c\\u6570\\u91cf#quantity#\\u4ef6\\uff0c\\u6211\\u4eec\\u5c06\\u5c3d\\u5feb\\u5b89\\u6392\\u53d1\\u8d27\\uff0c\\u611f\\u8c22\\u652f\\u6301"},"1":{"content":"#name#\\uff0c\\u60a8\\u5df2\\u6210\\u529f\\u8ba2\\u8d2d#title#\\uff0c\\u4ef7\\u683c#price#\\u5143\\uff0c\\u6211\\u4eec\\u5c06\\u5c3d\\u5feb\\u5b89\\u6392\\u53d1\\u8d27\\uff0c\\u656c\\u8bf7\\u7559\\u610f"},"3":{"content":"#name#\\uff0c\\u60a8\\u8ba2\\u8d2d\\u7684#title#\\uff0c\\u5df2\\u53d1#express#\\uff0c\\u5355\\u53f7#expressNum#\\uff0c\\u8bf7\\u6ce8\\u610f\\u67e5\\u6536"}}', 13600, NULL, NULL, 1, '2', '100', NULL, '', 1560488598, 1543781563, '', '', '', '');


INSERT INTO `akmall_item_template` (`id`, `theme`, `template`, `options`, `width`, `show_notice`, `show_comments`, `info`, `color`, `redirect_uri`, `extend`) VALUES
(9, 'akmall', 'thin', '["product","extends","quantity","price","name","mobile","region","address","remark","payment"]', '750px', 1, 0, NULL, '{"body_bg":"F4F4F4","form_bg":"FFFFFF","title_bg":"666666","button_bg":"FF6600","font":"333333","border":"AAAAAA","nav_bg":"EE3300"}', NULL, NULL),
(10, 'akmall', 'glass', '["product","extends","quantity","price","name","mobile","region","address","remark","payment"]', '750px', 1, 0, '', '{"body_bg":"3D000F","form_bg":"FFFFFF","title_bg":"666666","button_bg":"EE3300","font":"333333","border":"FFFFFF","nav_bg":"EE3300"}', '', 'a:2:{s:7:"padding";s:1:"0";s:15:"bottom_nav_list";a:3:{i:1;s:40:"Query||/index.php?m=Order&a=query||query";i:2;s:34:"Facebook||https://www.facebook.com";i:3;s:0:"";}}'),
(11, 'akmall', 'skin', '["product","extends","quantity","price","name","mobile","region","address","remark","payment"]', '750px', 1, 0, '', '{"body_bg":"856D35","form_bg":"FFFFFF","title_bg":"666666","button_bg":"EE3300","font":"333333","border":"666666","nav_bg":"EE3300"}', '', 'a:2:{s:7:"padding";s:1:"0";s:15:"bottom_nav_list";a:3:{i:1;s:47:"訂單查詢||/index.php?m=Order&a=query||query";i:2;s:38:"聯係客服||https://www.facebook.com";i:3;s:0:"";}}'),
(12, 'akmall', 'akmall', '["product","extends","quantity","price","name","mobile","region","address","remark","payment"]', '750px', 1, 0, '', '{"body_bg":"F5F5F5","form_bg":"FFFFFF","title_bg":"F34242","button_bg":"F34242","font":"333333","border":"666666","nav_bg":"F34242"}', '', 'a:2:{s:7:"padding";s:1:"0";s:15:"bottom_nav_list";a:3:{i:1;s:40:"Query||/index.php?m=Order&a=query||query";i:2;s:35:"在線客服||http://123456/";i:3;s:0:"";}}'),
(13, 'akmall', 'jianyi', '["product","extends","quantity","price","name","mobile","region","address","remark","payment"]', '750px', 1, 0, '', '{"body_bg":"F4F4F4","form_bg":"FFFFFF","title_bg":"D32E00","button_bg":"EE3300","font":"333333","border":"FFFFFF","nav_bg":"FFFFFF"}', '', 'a:2:{s:7:"padding";s:1:"0";s:15:"bottom_nav_list";a:3:{i:1;s:41:"查詢||/index.php?m=Order&a=query||query";i:2;s:27:"客服||http://url||message";i:3;s:0:"";}}'),
(14, 'akmall', 'akmall', '["product","extends","quantity","price","name","mobile","region","address","remark","payment"]', '750px', 1, 0, '', '{"body_bg":"F5F5F5","form_bg":"FFFFFF","title_bg":"F34242","button_bg":"F34242","font":"333333","border":"666666","nav_bg":"F34242"}', '', 'a:2:{s:7:"padding";s:1:"0";s:15:"bottom_nav_list";a:3:{i:1;s:40:"Query||/index.php?m=Order&a=query||query";i:2;s:34:"Facebook||https://www.facebook.com";i:3;s:0:"";}}'),
(15, 'akmall', 'akmall-3', '["product","extends","quantity","price","name","mobile","region","address","remark","payment"]', '750px', 1, 0, '', '{"body_bg":"F5F5F5","form_bg":"FFFFFF","title_bg":"DE2327","button_bg":"DE2327","font":"333333","border":"666666","nav_bg":"F34242"}', '', 'a:2:{s:7:"padding";s:1:"0";s:15:"bottom_nav_list";a:3:{i:1;s:47:"訂單查詢||/index.php?m=Order&a=query||query";i:2;s:35:"在線客服||http://123456/";i:3;s:0:"";}}'),
(16, 'akmall', 'akmall-2', '["product","extends","quantity","price","name","mobile","region","address","remark","payment"]', '750px', 1, 0, '', '{"body_bg":"F5F5F5","form_bg":"FFFFFF","title_bg":"FF232E","button_bg":"FF232E","font":"333333","border":"666666","nav_bg":"F34242"}', '', 'a:2:{s:7:"padding";s:1:"0";s:15:"bottom_nav_list";a:3:{i:1;s:47:"訂單查詢||/index.php?m=Order&a=query||query";i:2;s:35:"在線客服||http://123456/";i:3;s:0:"";}}'),
(17, 'akmall', 'akmall-1', '["product","extends","quantity","price","name","mobile","region","address","remark","payment"]', '750px', 1, 0, '', '{"body_bg":"F5F5F5","form_bg":"FFFFFF","title_bg":"E2007B","button_bg":"E2007B","font":"333333","border":"666666","nav_bg":"FFFFFF"}', '', 'a:2:{s:7:"padding";s:1:"0";s:15:"bottom_nav_list";a:3:{i:1;s:24:"首頁||/index.php||home";i:2;s:47:"訂單追蹤||/index.php?m=Order&a=query||query";i:3;s:0:"";}}'),
(18, 'akmall', 'akmall', '["product","extends","quantity","price","name","mobile","region","address","remark","payment"]', '750px', 1, 0, '', '{"body_bg":"F5F5F5","form_bg":"FFFFFF","title_bg":"F34242","button_bg":"F34242","font":"333333","border":"666666","nav_bg":"F34242"}', '', 'a:2:{s:7:"padding";s:1:"0";s:15:"bottom_nav_list";a:3:{i:1;s:47:"訂單查詢||/index.php?m=Order&a=query||query";i:2;s:35:"在線客服||http://123456/";i:3;s:0:"";}}');


INSERT INTO `akmall_order` (`id`, `user_id`, `user_pid`, `seller_id`, `status`, `order_no`, `order_page`, `channel_id`, `item_id`, `item_sn`, `item_name`, `item_params`, `item_extends`, `item_price`, `order_price`, `shipping_price`, `total_price`, `quantity`, `datetime`, `name`, `mobile`, `phone`, `region`, `province`, `city`, `area`, `address`, `zcode`, `qq`, `weixin`, `mail`, `remark`, `payment`, `payment_num`, `delivery_name`, `delivery_no`, `device`, `add_ip`, `is_delete`, `is_sent`, `url`, `referer`, `add_time`, `update_time`, `update_user_id`, `coupon`, `qudao`, `qudaonum`, `creditcard`) VALUES
(1, 1, 1, 1, 0, '1812710862', 'detail', '', 18, '8e7uPn', '演示产品-推荐看此产品演示', '套餐一 1入-NT$1999', '{"\\u9009\\u62e9\\u989c\\u8272":"\\u9a7c\\u8272","\\u9009\\u62e9\\u5c3a\\u7801":"165\\/L"}', '1111.00', '3998.00', '0.00', '3898.00', 2, '0000-00-00 00:00:00', '王尼玛', '13322223333', '', '广东省 深圳市 福田区', '广东省', '深圳市', '福田区', '科技园2013', '', '', NULL, '', '请尽快送到，谢谢', 1, '', '', '', 1, '127.0.0.1', 0, 0, 'http://127.0.0.1/akmall1129/index.php?m=Order&id=8e7uPn&uid=1&tpl=detail', 'http://127.0.0.1/akmall1129/akmall.php?m=Item&a=index&uid=1', 1543820284, 0, 0, NULL, NULL, NULL, NULL);

INSERT INTO `akmall_shipping` (`id`, `name`, `less_num`, `less_num_cost`, `step_num`, `step_num_cost`, `is_free_num`, `is_free_cost`, `free_num`, `free_cost`, `update_time`) VALUES
(1, '满100免运费', 2, '10.00', 1, '2.00', 1, 1, 50, '100.00', 1455506416);

